tail,engine,cycle,date,setting1,setting2,setting3,T2,T24,T30,T50,P2,P15,P30,Nf,Nc,epr,Ps30,phi,NRf,NRc,BPR,farB,htBleed,Nf_dmd,PCNfR_dmd,W31,W32
HF-106,1,1,2026-07-07,0.0004,0.0002,100.0,518.67,642.9,1583.42,1411.32,14.62,21.61,552.96,2388.11,9056.38,1.3,47.41,520.82,2388.11,8136.24,8.4573,0.03,392,2388,100.0,38.84,23.2792
HF-106,1,2,2026-07-07,0.0006,0.0003,100.0,518.67,642.43,1593.21,1399.44,14.62,21.61,553.49,2388.15,9054.6,1.3,47.56,521.27,2388.11,8134.39,8.4102,0.03,393,2388,100.0,38.96,23.3185
HF-106,1,3,2026-07-08,-0.0001,0.0,100.0,518.67,642.57,1592.17,1411.88,14.62,21.61,552.92,2388.14,9054.7,1.3,47.57,521.3,2388.11,8139.92,8.4546,0.03,393,2388,100.0,38.58,23.3094
HF-106,1,4,2026-07-08,0.0015,-0.0004,100.0,518.67,642.83,1583.86,1407.9,14.62,21.61,552.41,2388.13,9061.41,1.3,47.65,521.05,2388.15,8136.32,8.4751,0.03,392,2388,100.0,38.74,23.2993
HF-106,1,5,2026-07-09,0.0024,-0.0003,100.0,518.67,642.83,1590.75,1415.65,14.62,21.61,553.0,2388.11,9049.91,1.3,47.3,520.94,2388.14,8142.64,8.468,0.03,394,2388,100.0,38.69,23.3035
HF-106,1,6,2026-07-09,-0.0029,0.0001,100.0,518.67,642.9,1594.93,1401.3,14.62,21.61,554.22,2388.08,9059.7,1.3,47.68,521.37,2388.03,8140.32,8.4711,0.03,393,2388,100.0,38.93,23.3299
HF-106,1,7,2026-07-10,0.0004,-0.0003,100.0,518.67,643.6,1595.16,1416.51,14.62,21.61,552.5,2388.07,9048.75,1.3,47.58,521.25,2388.04,8139.3,8.3989,0.03,392,2388,100.0,38.85,23.269
HF-106,1,8,2026-07-10,0.0044,-0.0002,100.0,518.67,642.68,1593.88,1403.58,14.62,21.61,552.25,2388.1,9053.26,1.3,47.59,521.75,2388.1,8133.84,8.4507,0.03,393,2388,100.0,38.77,23.1964
HF-106,1,9,2026-07-11,-0.0007,0.0004,100.0,518.67,642.6,1595.17,1407.39,14.62,21.61,553.39,2388.13,9052.06,1.3,47.73,521.47,2388.08,8137.09,8.4436,0.03,392,2388,100.0,38.93,23.3741
HF-106,1,10,2026-07-11,0.0001,0.0003,100.0,518.67,643.01,1585.19,1407.4,14.62,21.61,552.65,2388.14,9053.19,1.3,47.65,521.45,2388.07,8142.31,8.4403,0.03,394,2388,100.0,38.95,23.3457
HF-106,1,11,2026-07-12,0.004,-0.0,100.0,518.67,642.96,1597.12,1412.89,14.62,21.61,553.38,2388.11,9053.03,1.3,47.48,521.39,2388.14,8139.37,8.457,0.03,394,2388,100.0,38.86,23.235
HF-106,1,12,2026-07-12,0.0005,0.0003,100.0,518.67,642.84,1596.1,1412.87,14.62,21.61,553.18,2388.15,9057.77,1.3,47.64,521.0,2388.1,8136.66,8.4553,0.03,393,2388,100.0,38.8,23.3143
HF-106,1,13,2026-07-13,-0.0027,-0.0003,100.0,518.67,642.3,1580.59,1415.69,14.62,21.61,553.06,2388.09,9056.35,1.3,47.58,521.7,2388.09,8135.52,8.4589,0.03,394,2388,100.0,38.95,23.2962
HF-106,1,14,2026-07-13,-0.0021,0.0004,100.0,518.67,642.56,1593.9,1412.3,14.62,21.61,552.49,2388.19,9063.48,1.3,47.59,521.43,2388.12,8136.57,8.4581,0.03,394,2388,100.0,38.82,23.2913
HF-106,1,15,2026-07-14,-0.0007,0.0004,100.0,518.67,642.81,1583.74,1407.76,14.62,21.61,552.7,2388.15,9050.72,1.3,47.4,521.23,2388.11,8142.78,8.4731,0.03,393,2388,100.0,38.82,23.3314
HF-106,1,16,2026-07-14,0.0024,-0.0003,100.0,518.67,642.92,1597.45,1408.44,14.62,21.61,552.94,2388.09,9058.68,1.3,47.48,521.19,2388.09,8141.48,8.439,0.03,393,2388,100.0,38.92,23.3045
HF-106,1,17,2026-07-15,0.0025,-0.0003,100.0,518.67,642.3,1592.55,1413.17,14.62,21.61,552.88,2388.07,9053.55,1.3,47.68,521.64,2388.06,8137.54,8.5058,0.03,394,2388,100.0,38.97,23.2584
HF-106,1,18,2026-07-15,-0.0007,0.0004,100.0,518.67,642.74,1588.24,1415.16,14.62,21.61,553.3,2388.15,9056.49,1.3,47.62,521.17,2388.08,8139.8,8.4163,0.03,393,2388,100.0,38.68,23.2525
HF-106,1,19,2026-07-16,0.0,0.0002,100.0,518.67,643.25,1589.64,1406.94,14.62,21.61,552.23,2388.1,9059.19,1.3,47.72,521.37,2388.12,8136.95,8.4503,0.03,393,2388,100.0,38.82,23.2175
HF-106,1,20,2026-07-16,-0.0015,0.0002,100.0,518.67,642.82,1586.98,1409.82,14.62,21.61,553.22,2388.16,9057.93,1.3,47.64,521.25,2388.14,8134.17,8.4321,0.03,393,2388,100.0,38.77,23.2288
HF-106,1,21,2026-07-17,-0.0026,-0.0005,100.0,518.67,643.06,1590.99,1407.12,14.62,21.61,553.11,2388.13,9053.02,1.3,47.57,521.17,2388.12,8134.25,8.4729,0.03,394,2388,100.0,38.77,23.2845
HF-106,1,22,2026-07-17,-0.0019,-0.0003,100.0,518.67,642.3,1593.29,1403.39,14.62,21.61,553.51,2388.15,9063.97,1.3,47.77,521.33,2388.15,8131.98,8.4692,0.03,393,2388,100.0,38.75,23.2237
HF-106,1,23,2026-07-18,0.0005,-0.0004,100.0,518.67,642.5,1593.21,1406.08,14.62,21.61,552.83,2388.14,9059.4,1.3,47.61,521.73,2388.14,8133.8,8.446,0.03,392,2388,100.0,38.94,23.3972
HF-106,1,24,2026-07-18,-0.0006,0.0001,100.0,518.67,643.0,1589.47,1406.95,14.62,21.61,553.2,2388.14,9055.99,1.3,47.59,521.06,2388.06,8134.46,8.4398,0.03,392,2388,100.0,38.96,23.2359
HF-106,1,25,2026-07-19,-0.0006,-0.0002,100.0,518.67,642.86,1585.77,1404.33,14.62,21.61,553.88,2388.13,9058.03,1.3,47.49,521.5,2388.08,8141.89,8.4417,0.03,393,2388,100.0,38.9,23.2828
HF-106,1,26,2026-07-19,0.0,-0.0002,100.0,518.67,642.59,1588.57,1406.58,14.62,21.61,552.3,2388.13,9060.53,1.3,47.7,521.03,2388.13,8141.21,8.4755,0.03,394,2388,100.0,38.89,23.2548
HF-106,1,27,2026-07-20,0.002,0.0003,100.0,518.67,642.36,1588.9,1412.82,14.62,21.61,553.85,2388.15,9059.48,1.3,47.75,521.57,2388.13,8138.94,8.4393,0.03,394,2388,100.0,38.87,23.1782
HF-106,1,28,2026-07-20,0.005,0.0005,100.0,518.67,642.9,1594.26,1404.36,14.62,21.61,553.51,2388.09,9062.02,1.3,47.68,520.82,2388.13,8143.19,8.4846,0.03,395,2388,100.0,38.82,23.2941
HF-106,1,29,2026-07-21,0.0021,-0.0001,100.0,518.67,642.83,1593.36,1409.8,14.62,21.61,552.79,2388.1,9057.95,1.3,47.58,521.33,2388.17,8136.49,8.453,0.03,394,2388,100.0,38.86,23.2945
HF-106,1,30,2026-07-21,-0.0019,-0.0004,100.0,518.67,642.57,1587.58,1406.71,14.62,21.61,552.76,2388.08,9054.98,1.3,47.47,521.13,2388.1,8136.25,8.4607,0.03,393,2388,100.0,38.61,23.4158
HF-106,1,31,2026-07-22,-0.0016,-0.0003,100.0,518.67,642.79,1593.29,1414.7,14.62,21.61,553.23,2388.14,9066.42,1.3,47.61,521.67,2388.12,8140.06,8.4621,0.03,392,2388,100.0,38.7,23.3235
HF-106,1,32,2026-07-22,-0.0007,0.0003,100.0,518.67,643.11,1594.51,1413.42,14.62,21.61,553.43,2388.09,9056.62,1.3,47.5,521.08,2388.11,8135.55,8.449,0.03,393,2388,100.0,38.84,23.2429
HF-106,1,33,2026-07-23,-0.0017,0.0003,100.0,518.67,643.07,1592.58,1406.42,14.62,21.61,553.21,2388.13,9049.33,1.3,47.53,521.53,2388.14,8131.95,8.4564,0.03,392,2388,100.0,38.72,23.3263
HF-106,1,34,2026-07-23,-0.001,0.0003,100.0,518.67,642.77,1581.93,1409.91,14.62,21.61,552.9,2388.08,9050.52,1.3,47.46,520.83,2388.13,8130.45,8.4642,0.03,393,2388,100.0,38.83,23.2277
HF-106,1,35,2026-07-24,0.0013,0.0005,100.0,518.67,642.68,1589.19,1412.25,14.62,21.61,553.02,2388.13,9059.36,1.3,47.7,521.54,2388.09,8136.5,8.4688,0.03,393,2388,100.0,38.84,23.1409
HF-106,1,36,2026-07-24,-0.0016,0.0003,100.0,518.67,642.58,1586.21,1401.84,14.62,21.61,553.18,2388.13,9063.89,1.3,47.62,521.88,2388.12,8137.33,8.445,0.03,394,2388,100.0,38.86,23.3335
HF-106,1,37,2026-07-25,-0.0006,-0.0001,100.0,518.67,642.43,1588.54,1407.45,14.62,21.61,552.95,2388.12,9058.36,1.3,47.39,521.35,2388.11,8138.22,8.4644,0.03,393,2388,100.0,38.82,23.2639
HF-106,1,38,2026-07-25,-0.0021,0.0005,100.0,518.67,642.33,1590.72,1410.52,14.62,21.61,553.39,2388.15,9053.72,1.3,47.53,521.3,2388.11,8136.27,8.4214,0.03,394,2388,100.0,38.96,23.2394
HF-106,1,39,2026-07-26,0.0027,0.0005,100.0,518.67,642.7,1593.41,1412.23,14.62,21.61,553.12,2388.1,9056.38,1.3,47.56,521.29,2388.13,8138.86,8.4446,0.03,392,2388,100.0,38.73,23.194
HF-106,1,40,2026-07-26,0.0025,0.0002,100.0,518.67,642.7,1593.39,1411.15,14.62,21.61,553.16,2388.11,9065.01,1.3,47.77,521.0,2388.13,8134.8,8.4425,0.03,394,2388,100.0,38.77,23.1897
HF-106,1,41,2026-07-27,-0.0012,-0.0004,100.0,518.67,642.46,1595.11,1415.71,14.62,21.61,552.83,2388.11,9061.42,1.3,47.61,520.8,2388.17,8133.3,8.4615,0.03,393,2388,100.0,38.78,23.3384
HF-106,1,42,2026-07-27,-0.0017,0.0001,100.0,518.67,642.88,1593.16,1408.39,14.62,21.61,553.84,2388.15,9060.87,1.3,47.71,521.48,2388.12,8134.99,8.4789,0.03,395,2388,100.0,38.95,23.2211
HF-106,1,43,2026-07-28,-0.0001,0.0003,100.0,518.67,642.4,1589.08,1421.17,14.62,21.61,552.74,2388.17,9063.53,1.3,47.59,520.99,2388.1,8137.75,8.4489,0.03,394,2388,100.0,38.61,23.2488
HF-106,1,44,2026-07-28,-0.0002,0.0003,100.0,518.67,642.38,1593.16,1409.48,14.62,21.61,553.47,2388.08,9056.7,1.3,47.71,521.43,2388.14,8142.23,8.4648,0.03,393,2388,100.0,38.78,23.3499
HF-106,1,45,2026-07-29,0.0005,0.0003,100.0,518.67,642.7,1585.66,1409.55,14.62,21.61,553.34,2388.12,9056.01,1.3,47.52,521.62,2388.14,8137.4,8.5035,0.03,392,2388,100.0,38.85,23.3491
HF-106,1,46,2026-07-29,0.0029,-0.0004,100.0,518.67,643.02,1588.24,1420.29,14.62,21.61,552.87,2388.11,9058.02,1.3,47.51,521.65,2388.16,8138.27,8.4147,0.03,394,2388,100.0,38.75,23.2987
HF-106,1,47,2026-07-30,0.0011,-0.0003,100.0,518.67,642.62,1598.58,1411.15,14.62,21.61,552.68,2388.12,9063.96,1.3,47.68,521.12,2388.15,8135.66,8.4197,0.03,394,2388,100.0,38.71,23.2019
HF-106,1,48,2026-07-30,0.0006,-0.0003,100.0,518.67,642.81,1585.74,1412.69,14.62,21.61,553.58,2388.12,9063.81,1.3,47.58,520.84,2388.13,8137.1,8.4429,0.03,392,2388,100.0,38.66,23.1808
HF-106,1,49,2026-07-31,0.0016,-0.0005,100.0,518.67,643.45,1595.47,1408.92,14.62,21.61,553.42,2388.13,9064.13,1.3,47.68,521.33,2388.16,8137.04,8.4647,0.03,394,2388,100.0,38.79,23.3091
HF-106,1,50,2026-07-31,-0.0016,0.0001,100.0,518.67,643.28,1589.08,1413.15,14.62,21.61,553.95,2388.14,9065.99,1.3,47.72,521.03,2388.1,8140.28,8.4537,0.03,394,2388,100.0,38.69,23.2716
HF-106,1,51,2026-08-01,-0.0008,-0.0001,100.0,518.67,642.97,1591.0,1413.93,14.62,21.61,553.55,2388.11,9058.77,1.3,47.75,521.66,2388.14,8135.77,8.4525,0.03,394,2388,100.0,38.83,23.1686
HF-106,1,52,2026-08-01,-0.0037,0.0002,100.0,518.67,642.61,1588.21,1412.73,14.62,21.61,553.95,2388.09,9069.53,1.3,47.51,521.45,2388.13,8134.16,8.4815,0.03,392,2388,100.0,38.81,23.2392
HF-106,1,53,2026-08-02,0.0029,0.0005,100.0,518.67,642.97,1593.84,1410.74,14.62,21.61,552.95,2388.15,9056.34,1.3,47.58,521.53,2388.06,8137.71,8.4462,0.03,394,2388,100.0,38.55,23.2367
HF-106,1,54,2026-08-02,-0.0005,0.0,100.0,518.67,642.92,1593.78,1406.44,14.62,21.61,553.42,2388.13,9061.53,1.3,47.71,521.6,2388.07,8138.44,8.4479,0.03,393,2388,100.0,38.76,23.2507
HF-106,1,55,2026-08-03,-0.0028,0.0003,100.0,518.67,642.54,1594.83,1412.91,14.62,21.61,552.74,2388.16,9065.35,1.3,47.53,521.11,2388.08,8136.84,8.4316,0.03,394,2388,100.0,38.62,23.2167
HF-106,1,56,2026-08-03,-0.0042,0.0001,100.0,518.67,642.41,1594.51,1411.32,14.62,21.61,552.96,2388.12,9057.69,1.3,47.57,520.59,2388.15,8134.18,8.4334,0.03,395,2388,100.0,38.7,23.1823
HF-106,1,57,2026-08-04,-0.0006,0.0,100.0,518.67,642.56,1599.43,1413.91,14.62,21.61,553.07,2388.16,9056.72,1.3,47.66,521.08,2388.08,8128.75,8.4564,0.03,392,2388,100.0,38.84,23.2099
HF-106,1,58,2026-08-04,-0.0005,0.0001,100.0,518.67,642.95,1593.98,1409.17,14.62,21.61,553.11,2388.13,9050.88,1.3,47.46,520.87,2388.12,8134.43,8.4683,0.03,391,2388,100.0,38.7,23.1916
HF-106,1,59,2026-08-05,-0.0043,-0.0004,100.0,518.67,643.24,1588.15,1413.43,14.62,21.61,553.95,2388.09,9059.17,1.3,47.75,521.16,2388.11,8136.17,8.4508,0.03,393,2388,100.0,38.72,23.2897
HF-106,1,60,2026-08-05,-0.002,0.0001,100.0,518.67,642.92,1593.79,1405.9,14.62,21.61,553.03,2388.1,9056.95,1.3,47.5,521.4,2388.11,8137.47,8.4544,0.03,394,2388,100.0,38.89,23.3153
HF-106,1,61,2026-08-06,0.0002,-0.0002,100.0,518.67,642.57,1590.32,1413.95,14.62,21.61,552.69,2388.15,9054.49,1.3,47.58,521.42,2388.07,8134.01,8.4194,0.03,393,2388,100.0,38.65,23.2367
HF-106,1,62,2026-08-06,0.0,0.0001,100.0,518.67,642.98,1590.73,1405.39,14.62,21.61,554.17,2388.19,9054.46,1.3,47.67,520.64,2388.1,8126.58,8.4783,0.03,392,2388,100.0,38.78,23.1966
HF-106,1,63,2026-08-07,0.0025,0.0,100.0,518.67,643.44,1591.58,1409.86,14.62,21.61,552.92,2388.14,9063.42,1.3,47.77,521.11,2388.13,8139.43,8.4807,0.03,394,2388,100.0,38.65,23.3293
HF-106,1,64,2026-08-07,0.0013,-0.0004,100.0,518.67,642.8,1588.99,1406.18,14.62,21.61,552.86,2388.13,9060.2,1.3,47.85,521.01,2388.14,8134.23,8.4095,0.03,393,2388,100.0,38.84,23.2971
HF-106,1,65,2026-08-08,0.0001,-0.0001,100.0,518.67,642.87,1583.82,1410.34,14.62,21.61,553.69,2388.12,9052.15,1.3,47.59,521.2,2388.13,8133.98,8.4666,0.03,393,2388,100.0,38.9,23.1628
HF-106,1,66,2026-08-08,0.0045,0.0,100.0,518.67,642.45,1591.03,1407.18,14.62,21.61,552.76,2388.1,9063.34,1.3,47.51,520.71,2388.08,8140.24,8.4223,0.03,393,2388,100.0,38.78,23.282
HF-106,1,67,2026-08-09,0.0028,-0.0001,100.0,518.67,642.45,1596.45,1408.07,14.62,21.61,552.55,2388.15,9055.59,1.3,47.67,521.25,2388.17,8135.57,8.458,0.03,393,2388,100.0,38.77,23.3148
HF-106,1,68,2026-08-09,0.0055,-0.0002,100.0,518.67,642.52,1588.58,1409.1,14.62,21.61,553.05,2388.13,9058.84,1.3,47.63,521.32,2388.11,8136.77,8.4646,0.03,393,2388,100.0,38.85,23.2195
HF-106,1,69,2026-08-10,-0.0018,-0.0004,100.0,518.67,642.38,1592.82,1412.95,14.62,21.61,553.75,2388.17,9060.87,1.3,47.6,521.03,2388.13,8137.14,8.448,0.03,394,2388,100.0,38.75,23.216
HF-106,1,70,2026-08-10,-0.0039,0.0004,100.0,518.67,643.23,1596.7,1406.13,14.62,21.61,552.81,2388.12,9063.47,1.3,47.63,521.14,2388.13,8133.92,8.4366,0.03,393,2388,100.0,38.79,23.1273
HF-106,1,71,2026-08-11,-0.001,0.0001,100.0,518.67,643.26,1585.02,1416.64,14.62,21.61,552.63,2388.14,9059.56,1.3,47.77,520.96,2388.15,8136.38,8.4372,0.03,393,2388,100.0,38.61,23.2862
HF-106,1,72,2026-08-11,0.0038,0.0003,100.0,518.67,642.33,1593.48,1415.99,14.62,21.61,552.76,2388.11,9057.39,1.3,47.68,521.25,2388.09,8141.15,8.4321,0.03,395,2388,100.0,38.86,23.3846
HF-106,1,73,2026-08-12,0.004,-0.0002,100.0,518.67,642.8,1600.42,1408.34,14.62,21.61,552.88,2388.13,9067.12,1.3,47.8,520.82,2388.14,8136.77,8.4652,0.03,393,2388,100.0,38.92,23.2089
HF-106,1,74,2026-08-12,-0.0002,0.0001,100.0,518.67,643.01,1597.17,1411.47,14.62,21.61,553.88,2388.13,9056.2,1.3,47.58,521.18,2388.11,8132.44,8.4609,0.03,393,2388,100.0,38.81,23.2078
HF-106,1,75,2026-08-13,-0.0024,-0.0,100.0,518.67,642.9,1589.31,1419.33,14.62,21.61,552.72,2388.11,9058.88,1.3,47.5,520.98,2388.11,8133.77,8.4814,0.03,394,2388,100.0,38.75,23.3
HF-106,1,76,2026-08-13,-0.0029,0.0003,100.0,518.67,642.65,1581.23,1408.91,14.62,21.61,552.37,2388.12,9062.53,1.3,47.42,521.31,2388.12,8136.57,8.4229,0.03,393,2388,100.0,38.83,23.1664
HF-106,1,77,2026-08-14,0.0014,-0.0003,100.0,518.67,642.8,1585.48,1414.18,14.62,21.61,553.81,2388.11,9059.94,1.3,47.76,521.66,2388.13,8135.13,8.4657,0.03,394,2388,100.0,38.74,23.2181
HF-106,1,78,2026-08-14,0.001,-0.0004,100.0,518.67,642.67,1597.02,1408.81,14.62,21.61,552.97,2388.16,9060.59,1.3,47.74,521.43,2388.13,8142.15,8.46,0.03,395,2388,100.0,38.51,23.354
HF-106,1,79,2026-08-15,0.0023,0.0002,100.0,518.67,643.05,1586.18,1406.98,14.62,21.61,552.85,2388.07,9066.66,1.3,47.76,520.87,2388.12,8141.27,8.442,0.03,393,2388,100.0,38.85,23.2532
HF-106,1,80,2026-08-15,-0.0026,-0.0001,100.0,518.67,642.98,1591.03,1411.3,14.62,21.61,553.03,2388.13,9054.28,1.3,47.74,521.23,2388.16,8136.67,8.4759,0.03,394,2388,100.0,38.88,23.149
HF-106,1,81,2026-08-16,0.0011,-0.0004,100.0,518.67,642.94,1593.73,1415.33,14.62,21.61,552.62,2388.13,9057.52,1.3,47.52,521.6,2388.08,8138.83,8.4867,0.03,394,2388,100.0,38.75,23.2928
HF-106,1,82,2026-08-16,0.0003,-0.0,100.0,518.67,642.93,1596.55,1411.06,14.62,21.61,552.69,2388.16,9068.15,1.3,47.62,521.31,2388.13,8135.23,8.4476,0.03,393,2388,100.0,38.85,23.277
HF-106,1,83,2026-08-17,-0.0002,0.0004,100.0,518.67,643.31,1584.59,1405.56,14.62,21.61,552.56,2388.06,9061.19,1.3,47.7,520.53,2388.13,8136.97,8.468,0.03,395,2388,100.0,38.64,23.3159
HF-106,1,84,2026-08-17,-0.0013,-0.0004,100.0,518.67,643.29,1583.45,1415.67,14.62,21.61,553.32,2388.13,9060.52,1.3,47.62,521.39,2388.08,8132.39,8.451,0.03,394,2388,100.0,38.71,23.3055
HF-106,1,85,2026-08-18,0.0007,0.0,100.0,518.67,643.08,1591.41,1414.65,14.62,21.61,553.47,2388.07,9053.18,1.3,47.58,521.36,2388.13,8136.18,8.4863,0.03,394,2388,100.0,38.78,23.3782
HF-106,1,86,2026-08-18,-0.0032,-0.0001,100.0,518.67,641.92,1593.65,1412.29,14.62,21.61,553.54,2388.09,9057.6,1.3,47.53,520.92,2388.08,8139.69,8.4355,0.03,393,2388,100.0,38.78,23.23
HF-106,1,87,2026-08-19,0.0004,-0.0001,100.0,518.67,643.21,1587.6,1411.5,14.62,21.61,553.25,2388.15,9048.83,1.3,47.69,521.53,2388.11,8135.58,8.4371,0.03,394,2388,100.0,38.62,23.1597
HF-106,1,88,2026-08-19,-0.0029,-0.0001,100.0,518.67,642.59,1594.85,1410.67,14.62,21.61,553.63,2388.13,9064.84,1.3,47.64,520.87,2388.15,8135.67,8.5126,0.03,394,2388,100.0,38.61,23.1654
HF-106,1,89,2026-08-20,0.001,0.0001,100.0,518.67,642.89,1599.98,1408.2,14.62,21.61,553.06,2388.14,9059.83,1.3,47.67,521.28,2388.15,8142.87,8.4332,0.03,394,2388,100.0,38.78,23.1367
HF-106,1,90,2026-08-20,0.0003,0.0003,100.0,518.67,642.59,1587.37,1412.83,14.62,21.61,552.69,2388.1,9059.96,1.3,47.61,521.48,2388.15,8140.01,8.4431,0.03,394,2388,100.0,38.62,23.2418
HF-106,1,91,2026-08-21,-0.0005,-0.0,100.0,518.67,643.52,1593.09,1414.17,14.62,21.61,553.02,2388.14,9062.46,1.3,47.75,520.48,2388.1,8139.55,8.4609,0.03,395,2388,100.0,38.66,23.1894
HF-106,1,92,2026-08-21,0.0029,-0.0004,100.0,518.67,642.96,1587.5,1414.23,14.62,21.61,552.85,2388.11,9057.02,1.3,47.63,521.24,2388.15,8129.54,8.457,0.03,393,2388,100.0,38.82,23.2015
HF-106,1,93,2026-08-22,-0.0007,0.0001,100.0,518.67,642.82,1592.23,1418.45,14.62,21.61,553.62,2388.19,9053.61,1.3,47.73,520.73,2388.1,8138.14,8.4922,0.03,393,2388,100.0,38.79,23.3257
HF-106,1,94,2026-08-22,0.0028,0.0005,100.0,518.67,642.41,1592.92,1419.74,14.62,21.61,552.87,2388.1,9064.32,1.3,47.6,521.18,2388.16,8135.32,8.4541,0.03,394,2388,100.0,38.6,23.2774
HF-106,1,95,2026-08-23,0.0011,0.0,100.0,518.67,643.0,1592.48,1407.14,14.62,21.61,553.13,2388.11,9064.33,1.3,47.73,520.57,2388.15,8135.83,8.4568,0.03,395,2388,100.0,38.74,23.2439
HF-106,1,96,2026-08-23,0.0019,-0.0002,100.0,518.67,643.05,1593.1,1410.54,14.62,21.61,552.88,2388.14,9051.29,1.3,47.74,521.31,2388.14,8131.72,8.453,0.03,394,2388,100.0,38.86,23.2392
HF-106,1,97,2026-08-24,-0.001,0.0001,100.0,518.67,642.71,1599.12,1418.57,14.62,21.61,553.12,2388.14,9055.92,1.3,47.63,520.68,2388.14,8138.37,8.5005,0.03,394,2388,100.0,38.6,23.1971
HF-106,1,98,2026-08-24,0.001,0.0001,100.0,518.67,642.93,1592.37,1414.69,14.62,21.61,553.23,2388.18,9054.5,1.3,47.82,520.94,2388.17,8139.63,8.4657,0.03,394,2388,100.0,38.7,23.378
HF-106,1,99,2026-08-25,-0.0002,0.0001,100.0,518.67,643.25,1591.29,1415.57,14.62,21.61,552.79,2388.16,9060.37,1.3,47.71,520.66,2388.12,8134.91,8.4287,0.03,394,2388,100.0,38.68,23.3497
HF-106,1,100,2026-08-25,-0.0015,0.0005,100.0,518.67,642.65,1590.7,1410.57,14.62,21.61,552.33,2388.14,9056.13,1.3,47.69,520.61,2388.16,8138.04,8.4577,0.03,393,2388,100.0,38.83,23.1303
HF-106,1,101,2026-08-26,-0.0002,-0.0004,100.0,518.67,642.89,1591.8,1418.99,14.62,21.61,552.61,2388.16,9062.15,1.3,47.69,521.22,2388.17,8138.85,8.4631,0.03,392,2388,100.0,38.72,23.1727
HF-106,1,102,2026-08-26,-0.0007,0.0001,100.0,518.67,643.45,1589.85,1412.94,14.62,21.61,553.29,2388.16,9058.72,1.3,47.52,520.97,2388.19,8134.1,8.4442,0.03,394,2388,100.0,38.77,23.376
HF-106,1,103,2026-08-27,-0.0021,0.0002,100.0,518.67,642.55,1584.1,1412.21,14.62,21.61,552.29,2388.15,9061.82,1.3,47.44,520.55,2388.13,8138.5,8.4536,0.03,394,2388,100.0,38.78,23.2093
HF-106,1,104,2026-08-27,0.0029,0.0005,100.0,518.67,643.35,1589.07,1417.67,14.62,21.61,552.78,2388.12,9059.68,1.3,47.8,521.48,2388.08,8132.51,8.4632,0.03,393,2388,100.0,38.57,23.2788
HF-106,1,105,2026-08-28,-0.0029,-0.0004,100.0,518.67,642.76,1582.45,1421.16,14.62,21.61,553.17,2388.15,9070.98,1.3,47.88,521.27,2388.16,8135.66,8.467,0.03,394,2388,100.0,38.69,23.1896
HF-106,1,106,2026-08-28,-0.001,-0.0004,100.0,518.67,642.84,1595.24,1411.36,14.62,21.61,553.04,2388.1,9059.27,1.3,47.74,520.99,2388.17,8139.32,8.4627,0.03,394,2388,100.0,38.77,23.2293
HF-106,1,107,2026-08-29,0.0005,-0.0002,100.0,518.67,643.18,1590.92,1420.14,14.62,21.61,552.95,2388.14,9057.02,1.3,47.73,522.03,2388.15,8136.92,8.4507,0.03,393,2388,100.0,38.9,23.1632
HF-106,1,108,2026-08-29,0.0018,0.0003,100.0,518.67,642.63,1584.85,1407.4,14.62,21.61,552.65,2388.17,9059.61,1.3,47.63,521.75,2388.19,8135.27,8.4681,0.03,393,2388,100.0,38.87,23.1732
HF-106,1,109,2026-08-30,-0.0021,0.0002,100.0,518.67,642.96,1585.75,1414.67,14.62,21.61,552.38,2388.14,9060.51,1.3,47.73,520.68,2388.18,8130.7,8.4534,0.03,393,2388,100.0,38.77,23.3081
HF-106,1,110,2026-08-30,0.0001,0.0003,100.0,518.67,642.44,1586.72,1417.56,14.62,21.61,552.25,2388.17,9058.23,1.3,47.57,521.19,2388.13,8135.29,8.4772,0.03,394,2388,100.0,38.59,23.2462
HF-106,1,111,2026-08-31,0.0028,-0.0001,100.0,518.67,642.65,1597.52,1405.98,14.62,21.61,552.56,2388.11,9063.86,1.3,47.83,521.12,2388.09,8135.67,8.4897,0.03,394,2388,100.0,38.86,23.2308
HF-106,1,112,2026-08-31,0.0014,-0.0002,100.0,518.67,643.48,1588.27,1415.87,14.62,21.61,552.81,2388.17,9061.73,1.3,47.89,521.35,2388.13,8135.31,8.4529,0.03,394,2388,100.0,38.82,23.1502
HF-106,1,113,2026-09-01,-0.0023,0.0003,100.0,518.67,643.11,1591.08,1409.14,14.62,21.61,552.85,2388.1,9055.06,1.3,47.77,521.68,2388.12,8137.09,8.4547,0.03,394,2388,100.0,38.71,23.2357
HF-106,1,114,2026-09-01,0.0029,-0.0003,100.0,518.67,643.27,1590.16,1416.38,14.62,21.61,552.93,2388.12,9056.34,1.3,47.69,521.11,2388.12,8137.03,8.4561,0.03,394,2388,100.0,38.76,23.2964
HF-106,1,115,2026-09-02,0.0011,-0.0,100.0,518.67,642.73,1581.93,1410.58,14.62,21.61,552.68,2388.19,9048.77,1.3,47.63,520.97,2388.14,8134.24,8.4493,0.03,394,2388,100.0,38.73,23.2831
HF-106,1,116,2026-09-02,-0.0052,-0.0003,100.0,518.67,643.41,1590.38,1409.98,14.62,21.61,552.88,2388.12,9070.22,1.3,47.75,520.64,2388.13,8138.46,8.4426,0.03,394,2388,100.0,38.78,23.1645
HF-106,1,117,2026-09-03,-0.0016,0.0001,100.0,518.67,643.36,1594.09,1415.27,14.62,21.61,552.32,2388.17,9059.25,1.3,47.64,520.12,2388.16,8141.92,8.4135,0.03,395,2388,100.0,38.55,23.2922
HF-106,1,118,2026-09-03,-0.002,0.0004,100.0,518.67,642.67,1590.93,1419.59,14.62,21.61,552.65,2388.14,9055.67,1.3,47.6,520.83,2388.13,8129.55,8.4561,0.03,393,2388,100.0,38.63,23.2876
HF-106,1,119,2026-09-04,-0.0017,0.0004,100.0,518.67,642.54,1596.43,1410.05,14.62,21.61,553.03,2388.13,9054.77,1.3,47.71,521.31,2388.13,8136.17,8.4822,0.03,393,2388,100.0,38.81,23.3002
HF-106,1,120,2026-09-04,0.0011,-0.0002,100.0,518.67,642.97,1591.26,1409.54,14.62,21.61,551.68,2388.11,9063.63,1.3,47.5,520.3,2388.17,8139.66,8.48,0.03,395,2388,100.0,38.76,23.1471
HF-106,1,121,2026-09-05,-0.0011,0.0001,100.0,518.67,643.25,1595.08,1418.02,14.62,21.61,552.41,2388.17,9056.1,1.3,47.78,520.78,2388.19,8132.37,8.4823,0.03,395,2388,100.0,38.74,23.1478
HF-106,1,122,2026-09-05,-0.0001,-0.0003,100.0,518.67,643.45,1597.02,1418.2,14.62,21.61,552.56,2388.19,9050.26,1.3,47.93,520.5,2388.15,8132.82,8.4643,0.03,391,2388,100.0,38.76,23.2109
HF-106,1,123,2026-09-06,-0.0039,-0.0003,100.0,518.67,643.01,1590.1,1412.0,14.62,21.61,551.9,2388.11,9057.35,1.3,47.67,521.01,2388.1,8141.47,8.4611,0.03,394,2388,100.0,38.87,23.3199
HF-106,1,124,2026-09-06,0.0021,0.0001,100.0,518.67,643.44,1589.6,1420.38,14.62,21.61,552.86,2388.13,9066.43,1.3,47.74,521.39,2388.14,8138.1,8.461,0.03,394,2388,100.0,38.73,23.1425
HF-106,1,125,2026-09-07,-0.0012,-0.0002,100.0,518.67,643.28,1592.44,1415.76,14.62,21.61,552.88,2388.1,9065.09,1.3,47.73,521.23,2388.19,8137.38,8.4819,0.03,394,2388,100.0,38.66,23.1904
HF-106,1,126,2026-09-07,0.0014,-0.0005,100.0,518.67,642.91,1592.84,1416.83,14.62,21.61,553.63,2388.12,9056.23,1.3,47.56,520.71,2388.14,8129.17,8.4878,0.03,393,2388,100.0,38.57,23.3927
HF-106,1,127,2026-09-08,0.0013,-0.0002,100.0,518.67,643.0,1584.07,1411.71,14.62,21.61,553.09,2388.14,9056.27,1.3,47.61,520.55,2388.16,8137.8,8.4492,0.03,393,2388,100.0,38.68,23.3055
HF-106,1,128,2026-09-08,-0.0016,-0.0004,100.0,518.67,643.4,1595.63,1415.95,14.62,21.61,553.38,2388.12,9065.53,1.3,47.89,520.44,2388.13,8132.43,8.4715,0.03,395,2388,100.0,38.66,23.3204
HF-106,1,129,2026-09-09,0.0007,0.0004,100.0,518.67,643.52,1592.05,1417.44,14.62,21.61,552.45,2388.14,9057.55,1.3,47.64,520.62,2388.13,8137.4,8.4584,0.03,395,2388,100.0,38.81,23.1813
HF-106,1,130,2026-09-09,0.0019,-0.0001,100.0,518.67,642.94,1599.63,1417.16,14.62,21.61,552.5,2388.19,9055.78,1.3,47.63,520.84,2388.17,8137.31,8.4631,0.03,394,2388,100.0,38.69,23.2245
HF-106,1,131,2026-09-10,0.0074,0.0004,100.0,518.67,642.7,1589.22,1416.08,14.62,21.61,552.23,2388.2,9054.63,1.3,47.76,521.01,2388.15,8138.06,8.4678,0.03,393,2388,100.0,38.73,23.1324
HF-106,1,132,2026-09-10,-0.0028,0.0004,100.0,518.67,643.02,1598.03,1418.77,14.62,21.61,552.71,2388.1,9057.3,1.3,47.63,520.64,2388.18,8137.58,8.4498,0.03,395,2388,100.0,38.47,23.2
HF-106,1,133,2026-09-11,0.0026,-0.0004,100.0,518.67,643.15,1594.41,1420.01,14.62,21.61,552.25,2388.21,9061.73,1.3,47.81,520.57,2388.08,8134.75,8.4492,0.03,394,2388,100.0,38.51,23.1736
HF-106,1,134,2026-09-11,-0.0008,0.0004,100.0,518.67,642.84,1599.78,1416.75,14.62,21.61,552.45,2388.19,9056.64,1.3,47.7,520.99,2388.16,8136.12,8.4787,0.03,394,2388,100.0,38.72,23.2487
HF-106,1,135,2026-09-12,0.0026,-0.0004,100.0,518.67,642.72,1583.72,1409.0,14.62,21.61,552.91,2388.2,9064.96,1.3,47.67,520.56,2388.15,8140.07,8.4627,0.03,394,2388,100.0,38.49,23.2941
HF-106,1,136,2026-09-12,-0.0024,0.0004,100.0,518.67,642.89,1597.35,1418.89,14.62,21.61,552.35,2388.16,9061.14,1.3,47.73,520.87,2388.18,8139.57,8.4655,0.03,395,2388,100.0,38.78,23.2248
HF-106,1,137,2026-09-13,0.003,-0.0,100.0,518.67,643.26,1592.81,1417.33,14.62,21.61,552.2,2388.11,9057.79,1.3,47.93,520.62,2388.15,8130.69,8.4569,0.03,395,2388,100.0,38.53,23.1461
HF-106,1,138,2026-09-13,0.0018,-0.0001,100.0,518.67,642.84,1596.23,1409.83,14.62,21.61,552.69,2388.19,9054.72,1.3,47.92,520.45,2388.19,8135.41,8.4553,0.03,395,2388,100.0,38.46,23.0984
HF-106,1,139,2026-09-14,-0.0017,0.0003,100.0,518.67,643.47,1591.84,1417.93,14.62,21.61,553.02,2388.16,9066.68,1.3,47.8,520.51,2388.17,8138.89,8.471,0.03,393,2388,100.0,38.74,23.2702
HF-106,1,140,2026-09-14,-0.0036,-0.0005,100.0,518.67,643.41,1598.06,1409.19,14.62,21.61,552.52,2388.17,9056.98,1.3,47.76,520.55,2388.19,8133.84,8.456,0.03,393,2388,100.0,38.69,23.1676
HF-106,1,141,2026-09-15,0.001,0.0003,100.0,518.67,643.02,1598.25,1411.63,14.62,21.61,552.66,2388.17,9061.21,1.3,47.81,520.7,2388.18,8140.36,8.4793,0.03,396,2388,100.0,38.75,23.2379
HF-106,1,142,2026-09-15,-0.001,-0.0001,100.0,518.67,643.07,1601.02,1419.96,14.62,21.61,551.91,2388.19,9059.96,1.3,47.84,520.86,2388.18,8140.78,8.4725,0.03,394,2388,100.0,38.71,23.2524
HF-106,1,143,2026-09-16,0.0033,0.0001,100.0,518.67,643.09,1602.86,1415.38,14.62,21.61,552.8,2388.18,9059.77,1.3,47.85,521.06,2388.19,8138.61,8.4614,0.03,393,2388,100.0,38.79,23.2587
HF-106,1,144,2026-09-16,-0.0018,-0.0002,100.0,518.67,642.85,1594.73,1421.52,14.62,21.61,552.66,2388.1,9058.67,1.3,47.72,520.9,2388.17,8137.14,8.4684,0.03,394,2388,100.0,38.63,23.2351
HF-106,1,145,2026-09-17,0.0006,-0.0001,100.0,518.67,643.2,1598.17,1414.55,14.62,21.61,552.37,2388.18,9054.48,1.3,47.69,521.23,2388.16,8134.94,8.4758,0.03,394,2388,100.0,38.71,23.2071
HF-106,1,146,2026-09-17,-0.0057,-0.0001,100.0,518.67,643.26,1593.02,1418.12,14.62,21.61,552.73,2388.16,9053.1,1.3,47.88,520.11,2388.18,8132.66,8.4816,0.03,394,2388,100.0,38.65,23.2294
HF-106,1,147,2026-09-18,0.0022,-0.0002,100.0,518.67,643.4,1588.66,1420.49,14.62,21.61,552.67,2388.2,9062.94,1.3,47.73,521.02,2388.2,8140.47,8.5224,0.03,396,2388,100.0,38.55,23.2177
HF-106,1,148,2026-09-18,-0.0038,-0.0004,100.0,518.67,642.6,1600.22,1415.16,14.62,21.61,552.62,2388.13,9056.76,1.3,47.94,520.71,2388.17,8134.36,8.4889,0.03,395,2388,100.0,38.83,23.2746
HF-106,1,149,2026-09-19,-0.0012,-0.0001,100.0,518.67,643.24,1595.36,1413.59,14.62,21.61,552.34,2388.16,9061.82,1.3,47.82,520.63,2388.18,8135.47,8.4534,0.03,393,2388,100.0,38.62,23.2283
HF-106,1,150,2026-09-19,0.0031,0.0003,100.0,518.67,643.62,1596.08,1416.16,14.62,21.61,552.78,2388.22,9060.24,1.3,47.85,520.7,2388.17,8133.06,8.4826,0.03,394,2388,100.0,38.55,23.1849
HF-106,1,151,2026-09-20,0.0009,-0.0001,100.0,518.67,642.96,1595.32,1422.85,14.62,21.61,552.42,2388.18,9059.24,1.3,47.91,520.62,2388.14,8133.77,8.4916,0.03,395,2388,100.0,38.64,23.0985
HF-106,1,152,2026-09-20,-0.0021,-0.0001,100.0,518.67,642.75,1593.67,1408.97,14.62,21.61,551.92,2388.19,9061.55,1.3,47.73,521.49,2388.13,8137.88,8.4466,0.03,395,2388,100.0,38.62,23.2125
HF-106,1,153,2026-09-21,0.002,-0.0004,100.0,518.67,642.97,1589.41,1416.37,14.62,21.61,553.14,2388.13,9059.3,1.3,47.86,521.15,2388.2,8135.34,8.4849,0.03,394,2388,100.0,38.88,23.2593
HF-106,1,154,2026-09-21,0.0001,-0.0004,100.0,518.67,642.83,1593.63,1414.51,14.62,21.61,552.76,2388.17,9063.87,1.3,47.76,519.86,2388.21,8143.39,8.4811,0.03,395,2388,100.0,38.52,23.1699
HF-106,1,155,2026-09-22,0.0032,-0.0001,100.0,518.67,643.31,1589.79,1417.87,14.62,21.61,552.75,2388.13,9053.38,1.3,47.82,520.81,2388.13,8133.29,8.4638,0.03,395,2388,100.0,38.66,23.2593
HF-106,1,156,2026-09-22,0.0037,-0.0002,100.0,518.67,643.06,1587.11,1416.88,14.62,21.61,552.72,2388.24,9056.64,1.3,47.93,520.49,2388.18,8138.44,8.4723,0.03,393,2388,100.0,38.76,23.1481
HF-106,1,157,2026-09-23,0.0019,0.0005,100.0,518.67,643.4,1591.78,1411.02,14.62,21.61,552.52,2388.2,9059.84,1.3,47.78,520.51,2388.13,8137.09,8.518,0.03,395,2388,100.0,38.65,23.1859
HF-106,1,158,2026-09-23,-0.0011,-0.0001,100.0,518.67,643.07,1595.38,1413.62,14.62,21.61,552.47,2388.17,9057.97,1.3,47.88,520.5,2388.13,8137.85,8.5021,0.03,395,2388,100.0,38.69,23.2693
HF-106,1,159,2026-09-24,-0.0005,-0.0003,100.0,518.67,643.07,1600.76,1410.04,14.62,21.61,552.61,2388.17,9059.11,1.3,47.93,520.71,2388.16,8130.62,8.4992,0.03,393,2388,100.0,38.56,23.1548
HF-106,1,160,2026-09-24,0.0007,0.0005,100.0,518.67,643.24,1592.09,1419.9,14.62,21.61,552.69,2388.16,9062.07,1.3,47.85,520.45,2388.17,8132.41,8.4707,0.03,396,2388,100.0,38.5,23.1367
HF-106,1,161,2026-09-25,0.0004,-0.0003,100.0,518.67,643.13,1597.31,1420.55,14.62,21.61,552.7,2388.17,9061.47,1.3,47.93,520.08,2388.24,8127.87,8.498,0.03,397,2388,100.0,38.49,23.2068
HF-106,1,162,2026-09-25,0.0003,-0.0002,100.0,518.67,642.75,1593.25,1417.47,14.62,21.61,552.6,2388.16,9055.88,1.3,47.76,520.53,2388.17,8138.61,8.4649,0.03,393,2388,100.0,38.59,23.1313
HF-106,1,163,2026-09-26,0.0005,-0.0003,100.0,518.67,642.78,1592.48,1421.62,14.62,21.61,552.15,2388.18,9059.26,1.3,47.88,520.19,2388.18,8131.57,8.4795,0.03,396,2388,100.0,38.72,23.0346
HF-106,1,164,2026-09-26,-0.003,0.0003,100.0,518.67,642.88,1583.97,1416.46,14.62,21.61,551.63,2388.18,9062.0,1.3,47.67,520.14,2388.19,8137.92,8.4728,0.03,394,2388,100.0,38.68,23.2151
HF-106,1,165,2026-09-27,0.0041,-0.0002,100.0,518.67,642.97,1594.52,1406.3,14.62,21.61,551.74,2388.17,9063.14,1.3,47.87,520.46,2388.18,8134.49,8.4423,0.03,395,2388,100.0,38.62,23.1345
HF-106,1,166,2026-09-27,0.0022,-0.0001,100.0,518.67,643.59,1605.55,1416.63,14.62,21.61,552.13,2388.17,9060.69,1.3,47.86,519.96,2388.22,8135.59,8.4766,0.03,395,2388,100.0,38.78,23.0732
HF-106,1,167,2026-09-28,-0.0006,0.0003,100.0,518.67,643.05,1599.2,1415.55,14.62,21.61,552.5,2388.23,9057.43,1.3,47.89,520.11,2388.16,8133.42,8.4811,0.03,395,2388,100.0,38.51,23.1939
HF-106,1,168,2026-09-28,0.0006,0.0,100.0,518.67,643.64,1595.22,1419.24,14.62,21.61,552.03,2388.24,9057.4,1.3,47.77,520.6,2388.19,8133.18,8.4834,0.03,394,2388,100.0,38.6,23.1782
HF-106,1,169,2026-09-29,0.0016,0.0002,100.0,518.67,642.66,1588.48,1422.83,14.62,21.61,552.7,2388.14,9068.1,1.3,48.04,520.0,2388.19,8138.16,8.503,0.03,394,2388,100.0,38.51,23.0166
HF-106,1,170,2026-09-29,0.0015,0.0002,100.0,518.67,643.08,1601.22,1423.57,14.62,21.61,552.35,2388.26,9052.46,1.3,48.01,520.61,2388.23,8136.37,8.502,0.03,394,2388,100.0,38.53,23.2044
HF-106,1,171,2026-09-30,0.0013,0.0005,100.0,518.67,643.49,1593.14,1425.53,14.62,21.61,552.16,2388.18,9061.37,1.3,48.09,520.46,2388.16,8129.52,8.438,0.03,394,2388,100.0,38.71,23.1953
HF-106,1,172,2026-09-30,-0.003,0.0002,100.0,518.67,643.23,1593.09,1420.7,14.62,21.61,552.28,2388.12,9062.75,1.3,48.01,520.96,2388.21,8135.0,8.5053,0.03,394,2388,100.0,38.62,23.1909
HF-106,1,173,2026-10-01,0.0,-0.0001,100.0,518.67,643.2,1597.34,1418.31,14.62,21.61,552.04,2388.19,9062.75,1.3,47.76,520.3,2388.22,8146.35,8.4968,0.03,395,2388,100.0,38.64,23.0991
HF-106,1,174,2026-10-01,0.0013,-0.0002,100.0,518.67,643.59,1604.53,1416.51,14.62,21.61,552.69,2388.17,9060.6,1.3,47.95,520.79,2388.2,8141.67,8.4877,0.03,395,2388,100.0,38.72,23.1996
